"Exp_ID","UniqueStockID","TrtID_Final","RunBy","till","first.year","initial.SOC","location_name","Can_SOC30","initial.SOC.impute","POLYID","init_active_frac","init_slow_frac","init_passive_frac","mean_c_input"
"E1","E1_F0NS_CT","ELL_F0NS_CT_CR1 + ELL_F0NS_CT_CR3","stock","FT",1983,131.9,"Ellerslie, Alberta",131.9,131.9,727006,44.2365497508534,74.3894207148004,13.2740295343463,1.85235495505892
"E1","E1_F0S_CT","ELL_F0S_CT_CR1 + ELL_F0S_CT_CR3","stock","FT",1983,131.9,"Ellerslie, Alberta",131.9,131.9,727006,44.2365497508534,74.3894207148003,13.2740295343463,1.84573499891316
"E1","E1_F25NS_CT","ELL_F25NS_CT_CR1 + ELL_F25NS_CT_CR3","stock","FT",1983,131.9,"Ellerslie, Alberta",131.9,131.9,727006,44.2365497508534,74.3894207148003,13.2740295343463,2.13688950589127
"E1","E1_F25S_CT","ELL_F25S_CT_CR1 + ELL_F25S_CT_CR3","stock","FT",1983,131.9,"Ellerslie, Alberta",131.9,131.9,727006,44.2365497508534,74.3894207148003,13.2740295343463,2.2487535869622
"E1","E1_F50NS_CT","ELL_F50NS_CT_CR1 + ELL_F50NS_CT_CR3","stock","FT",1983,131.9,"Ellerslie, Alberta",131.9,131.9,727006,44.2365497508534,74.3894207148004,13.2740295343463,2.38303264198742
"E1","E1_F50S_CT","ELL_F50S_CT_CR1 + ELL_F50S_CT_CR3","stock","FT",1983,131.9,"Ellerslie, Alberta",131.9,131.9,727006,44.2365497508534,74.3894207148003,13.2740295343463,2.58272763288388
"E1","E1_F75NS_CT","ELL_F75NS_CT_CR1 + ELL_F75NS_CT_CR3","stock","FT",1983,131.9,"Ellerslie, Alberta",131.9,131.9,727006,44.2365497508534,74.3894207148003,13.2740295343463,2.37844697143754
"E1","E1_F75S_CT","ELL_F75S_CT_CR1 + ELL_F75S_CT_CR3","stock","FT",1983,131.9,"Ellerslie, Alberta",131.9,131.9,727006,44.2365497508534,74.3894207148003,13.2740295343463,2.53004341933591
"E10","E10_CT_CR1","STE_CT_CR1","treatment","FT",1982,NA,"Stewart Valley, Saskatchewan",45.4,45.4,808017,13.4354256738887,26.8712015455461,5.09337278056516,1.6692730911464
"E10","E10_CT_CR2 + E68_CT_CR2","STE_CT_CR2","treatment","FT",1982,NA,"Stewart Valley, Saskatchewan",45.4,45.4,808017,13.4354256738887,26.8712015455461,5.09337278056516,0.738777673000141
"E10","E10_NT_CR1","STE_NT_CR1","treatment","NT",1982,NA,"Stewart Valley, Saskatchewan",45.4,45.4,808017,25.4535892296142,16.7680638713669,3.1783468990189,1.75301779559987
"E10","E10_NT_CR2 + E68_NT_CR2","STE_NT_CR2","treatment","NT",1982,NA,"Stewart Valley, Saskatchewan",45.4,45.4,808017,25.4535892296142,16.7680638713669,3.1783468990189,0.74351261490752
"E11","E11_CT_CR1","SWI_CT_CR1","treatment","FT",1967,NA,"Swift Current, Saskatchewan",46.8,46.8,825007,13.5579311136196,27.681794591364,5.56027429501649,1.63366534826975
"E11","E11_NT_CR2","SWI_NT_CR2","treatment","NT",1982,NA,"Swift Current, Saskatchewan",46.8,46.8,825007,26.2963853446686,15.5354053830085,4.96820927232297,0.674482567079197
"E11","E11_CT_CR2","SWI_CT_CR2","treatment","FT",1967,NA,"Swift Current, Saskatchewan",46.8,46.8,825007,13.5579311136196,27.681794591364,5.56027429501649,1.06173985300467
"E11","E11_NT_CR1","SWI_NT_CR1","treatment","NT",1982,NA,"Swift Current, Saskatchewan",46.8,46.8,825007,26.2963853446686,15.5354053830085,4.96820927232297,1.71337748843528
"E12","E12_CT_CR1","LET_CT_CR1","treatment","FT",1976,NA,"Lethbridge, Alberta",91.5,91.5,793011,25.8469451186412,54.4625789600568,11.190475921302,0.957330876135638
"E12","E12_NT_CR1","LET_NT_CR1","treatment","NT",1976,NA,"Lethbridge, Alberta",91.5,91.5,793011,49.8189567875851,34.5765648102116,7.10447840220323,0.957330876135638
"E12","E12_CT_CR2 + E36_CT","LET_CT_CR2","treatment","FT",1968,NA,"Lethbridge, Alberta",91.5,91.5,793011,25.5690360750522,54.3006455191285,11.6303184058193,0.528282831216667
"E12","E12_NT_CR2 + E36_NT","LET_NT_CR2","treatment","NT",1968,NA,"Lethbridge, Alberta",91.5,91.5,793011,49.4775437539904,34.6096335411566,7.41282270485307,0.528282831216667
"E13","E13_CT","BRE_CT_CR3","treatment","FT",1979,NA,"Breton, Alberta",86.4,86.4,692009,26.6790970725141,49.6591566865468,10.0617462409391,1.82082007577838
"E13","E13_NT","BRE_NT_CR3","treatment","NT",1979,NA,"Breton, Alberta",86.4,86.4,692009,49.731894390023,30.4902825078795,6.17782310209748,1.53744111653137
"E14","E14_CT","ELL_CT_CR3","treatment","FT",1979,NA,"Ellerslie, Alberta",131.9,131.9,727006,44.2365497508534,74.3894207148003,13.2740295343463,2.42433759974593
"E14","E14_NT","ELL_NT_CR3","treatment","NT",1979,NA,"Ellerslie, Alberta",131.9,131.9,727006,73.8143027913017,49.2903411272296,8.79535608146867,2.1985068033938
"E15","E15_CT_CR1 + E15_NT_CR1","IND_CT_CR1","treatment","FT",1987,NA,"Indian Head, Saskatchewan",61.1,61.1,754010,19.6179438142355,35.2724239082106,6.20963227755391,1.76095267358992
"E15","E15_NT_CR4","IND_NT_CR4","treatment","NT",1987,NA,"Indian Head, Saskatchewan",61.1,61.1,754010,33.939364174828,23.094840240122,4.06579558504995,1.3029964604634
"E15","E15_CT_CR2","IND_CT_CR2","treatment","FT",1987,NA,"Indian Head, Saskatchewan",61.1,61.1,754010,19.6179438142355,35.2724239082106,6.20963227755391,0.970110936550051
"E15","E15_CT_CR4","IND_CT_CR4","treatment","FT",1987,NA,"Indian Head, Saskatchewan",61.1,61.1,754010,19.6179438142355,35.2724239082106,6.20963227755391,1.10260575201078
"E15","E15_NT_CR2","IND_NT_CR2","treatment","NT",1987,NA,"Indian Head, Saskatchewan",61.1,61.1,754010,33.939364174828,23.094840240122,4.06579558504995,0.970110936550051
"E16","E16_CT","DEL_CT","treatment","FT",1988,NA,"Delhi, Ontario",57.6,57.6,568002,12.8268398561392,33.3244873477597,11.4486727961012,4.82342547408198
"E16","E16_NT","DEL_NT","treatment","NT",1988,NA,"Delhi, Ontario",57.6,57.6,568002,26.7940478234322,22.9287492829448,7.87720289362296,4.71943107597872
"E17","E17_CT","ELO_CT_CR5","treatment","FT",1967,NA,"Elora, Ontario",90.7,90.7,560003,22.1940304763776,58.422514356988,10.0834551666344,4.58010007385524
"E17","E17_NT","ELO_NT_CR5","treatment","NT",1967,NA,"Elora, Ontario",90.7,90.7,560003,44.9745860152804,38.9950492428305,6.73036474188911,4.43925372393247
"E18","E18_CT","HARRI_CT_CR6","treatment","FT",1987,NA,"Harrigton, Prince Edward Island",45.8,45.8,536013,11.8224869453813,26.6006854075373,7.37682764708144,2.68480912086818
"E18","E18_NT","HARRI_NT_CR6","treatment","NT",1987,NA,"Harrigton, Prince Edward Island",45.8,45.8,536013,23.5278216137185,17.4366855408651,4.8354928454164,2.6407095629273
"E19","E19_CT","CHA_CT_CR6","treatment","FT",1987,NA,"Charlottetown, Prince Edward Island",45.8,45.8,536013,11.6246095076883,27.8928293905751,6.28256110173657,2.35680457400113
"E19","E19_NT","CHA_NT_CR6","treatment","NT",1987,NA,"Charlottetown, Prince Edward Island",45.8,45.8,536013,23.2681935224142,18.389719177668,4.14208729991782,2.35680457400113
"E2","E2_F2_CT_1 + E2_F2_CT_2 + E2_F2_CT_3","HARROW_F2_CR1","treatment","FT",2004,88.7,"Harrow, Ontario",74.2,88.7,570007,19.2053598733425,58.8478586391818,10.6467814874757,3.07082151918995
"E2","E2_F3_CT_1 + E2_F3_CT_2 + E2_F3_CT_3","HARROW_F3_CR1","treatment","FT",2004,88.7,"Harrow, Ontario",74.2,88.7,570007,19.2053598733425,58.8478586391818,10.6467814874757,3.46339625604795
"E2","E2_F4_CT_1 + E2_F4_CT_2 + E2_F4_CT_3","HARROW_F4_CR1","treatment","FT",2004,88.7,"Harrow, Ontario",74.2,88.7,570007,19.2053598733425,58.8478586391818,10.6467814874757,3.55045589081816
"E2","E2_F1_CT_1 + E2_F1_CT_2 + E2_F1_CT_3","HARROW_F1_CR1","treatment","FT",2004,88.7,"Harrow, Ontario",74.2,88.7,570007,19.2053598733425,58.8478586391818,10.6467814874757,2.22602779864619
"E20","E20_CT","LAP_CT_CR3","treatment","FT",1987,NA,"La Pocatiere, Quebec",65.1,65.1,540001,21.6324509992136,37.147921454412,6.3196275463744,1.92665765534218
"E20","E20_NT","LAP_NT_CR3","treatment","NT",1987,NA,"La Pocatiere, Quebec",65.1,65.1,540001,35.4641519680843,25.3271734945207,4.30867453739505,1.89390757523176
"E21","E21_CT + E22_CT + E23_CT","NOR_CT","treatment","FT",1991,NA,"Normandin, Quebec",39.2,39.2,441026,12.7824246725686,21.7937840828443,4.6237912445871,2.55567745120834
"E21","E21_NT + E22_NT + E23_NT","NOR_NT","treatment","NT",1991,NA,"Normandin, Quebec",39.2,39.2,441026,23.3231324070553,13.0979857138232,2.77888187912151,2.45692071736745
"E24","E24_CT","OTT_CT","treatment","FT",1990,NA,"Ottawa, Ontario",57.3,57.3,425023,13.5456452104344,36.6147252310296,7.13962955853603,3.96870946052102
"E24","E24_NT","OTT_NT","treatment","NT",1990,NA,"Ottawa, Ontario",57.3,57.3,425023,27.7623465249194,24.7178382851473,4.81981518993331,4.19478424542555
"E25","E25_CT","DEL_CT","treatment","FT",1988,NA,"Delhi, Ontario",57.6,57.6,568002,12.8268398561392,33.3244873477597,11.4486727961012,4.82342547408198
"E25","E25_NT","DEL_NT","treatment","NT",1988,NA,"Delhi, Ontario",57.6,57.6,568002,26.7940478234322,22.9287492829448,7.87720289362296,4.71943107597872
"E26","E26_CT","HARROW_CT_CR5","treatment","FT",1984,NA,"Harrow, Ontario",74.2,74.2,570007,15.7141853980565,49.5256172824232,8.96019731952034,4.43925372393247
"E26","E26_NT","HARROW_NT_CR5","treatment","NT",1984,NA,"Harrow, Ontario",74.2,74.2,570007,33.3347523009363,34.6045726039695,6.26067509509422,4.24467007030465
"E27","E27_CT","CHA_CT_CR7","treatment","FT",1983,NA,"Charlottetown, Prince Edward Island",45.8,45.8,536013,10.7517161919752,28.1405457283469,6.90773807967791,3.16328119497615
"E27","E27_NT","CHA_NT_CR7","treatment","NT",1983,NA,"Charlottetown, Prince Edward Island",45.8,45.8,536013,22.0860144815816,19.0401475158569,4.67383800256155,3.1565205930425
"E28","E28_CT","ELO_CT_CR8","treatment","FT",1980,NA,"Elora, Ontario",90.7,90.7,560003,20.3519290260206,59.0197517725071,11.3283192014723,3.13877551297077
"E28","E28_NT","ELO_NT_CR8","treatment","NT",1980,NA,"Elora, Ontario",90.7,90.7,560003,42.4122921405222,40.5118220311096,7.77588582836821,3.13877551297077
"E29","E29_NT_CR10","LET_NT_CR10","treatment","NT",1994,NA,"Lethbridge, Alberta",91.5,91.5,793011,50.7054420547008,34.2063080725093,6.5882498727899,1.73142969000523
"E29","E29_CT_CR10","LET_CT_CR10","treatment","FT",1994,NA,"Lethbridge, Alberta",91.5,91.5,793011,26.5788757359245,54.4364760605653,10.4846482035102,1.73142969000523
"E29","E29_NT_CR9","LET_NT_CR9","treatment","NT",1994,NA,"Lethbridge, Alberta",91.5,91.5,793011,50.7054420547008,34.2063080725093,6.5882498727899,1.64648748864019
"E29","E29_CT_CR9","LET_CT_CR9","treatment","FT",1994,NA,"Lethbridge, Alberta",91.5,91.5,793011,26.5788757359245,54.4364760605653,10.4846482035102,1.64648748864019
"E3","E3_0_CT + E3_100_CT + E3_200_CT","OTT_CT","treatment","FT",1990,NA,"Ottawa, Ontario",57.3,57.3,425023,13.5456452104344,36.6147252310296,7.13962955853603,3.96870946052102
"E3","E3_0_CT","OTT_CT","treatment","FT",1990,NA,"Ottawa, Ontario",57.3,57.3,425023,13.5456452104344,36.6147252310296,7.13962955853603,3.96870946052102
"E30","E30_CT","CHA_CT_CR13","treatment","FT",1990,NA,"Charlottetown, Prince Edward Island",45.8,45.8,536013,11.9939571390162,26.9902794214728,6.81576343951094,2.69054956570474
"E30","E30_NT","CHA_NT_CR13","treatment","NT",1990,NA,"Charlottetown, Prince Edward Island",45.8,45.8,536013,23.7503923396966,17.6041033353916,4.44550432491178,2.69054956570474
"E31","E31_CT","THO_CT_CR14","treatment","FT",1985,NA,"Thorndale, Ontario",77,77,567006,17.441074837075,50.6440713465565,8.91485381636847,3.27888275595854
"E31","E31_NT","THO_NT_CR14","treatment","NT",1985,NA,"Thorndale, Ontario",77,77,567006,36.2388580462044,34.6599636515966,6.101178302199,3.27888275595854
"E32","E32_CT","PAR_CT_CR14","treatment","FT",1985,NA,"Paris, Ontario",75.5,75.5,568001,15.509743904791,49.8575664130174,10.1326896821916,3.25339233766848
"E32","E32_NT","PAR_NT_CR14","treatment","NT",1985,NA,"Paris, Ontario",75.5,75.5,568001,33.201197607058,35.1542981605246,7.14450423241741,3.25339233766848
"E33","E33_CT","DRE_CT_CR14","treatment","FT",1985,NA,"Dresden, Ontario",79.9,79.9,565019,17.2072709670433,53.0880201568347,9.60470887612201,3.28809038483342
"E33","E33_NT","DRE_NT_CR14","treatment","NT",1985,NA,"Dresden, Ontario",79.9,79.9,565019,36.3171708201182,36.9058126784871,6.67701650139473,3.28809038483342
"E34","E34_CT","STR_CT_CR14","treatment","FT",1985,NA,"Strathroy, Ontario",76.4,76.4,565006,16.2737931482179,46.7281023800721,13.39810447171,3.27890193919835
"E34","E34_NT","STR_NT_CR14","treatment","NT",1985,NA,"Strathroy, Ontario",76.4,76.4,565006,34.4617381873363,32.5930321274929,9.34522968517082,3.27890193919835
"E35","E35_CT","BEA_CT_CR15","treatment","FT",1991,NA,"Beaverlodge, Alberta",47.7,47.7,598001,15.5793252128165,26.7045409815966,5.41613380558681,2.30302588861971
"E35","E35_NT","BEA_NT_CR15","treatment","NT",1991,NA,"Beaverlodge, Alberta",47.7,47.7,598001,28.4080620121568,16.0389640636175,3.25297392422571,2.30302588861971
"E38","E38_CT","LET_CT_CR17","treatment","FT",1986,NA,"Lethbridge, Alberta",91.5,91.5,793011,25.8469451186412,54.4625789600567,11.190475921302,2.17692790795676
"E38","E38_NT","LET_NT_CR17","treatment","NT",1986,NA,"Lethbridge, Alberta",91.5,91.5,793011,49.8189567875851,34.5765648102116,7.10447840220324,2.17692790795676
"E4","E4_129 + E4_220 + E4_316 + E4_428","LET_E4_16_RT_CR9","treatment","RT",1985,NA,"Lethbridge, Alberta",91.5,91.5,793011,32.9192514704745,47.8116797136182,10.7690688159073,1.51423209036846
"E4","E4_104 + E4_211 + E4_314 + E4_426","LET_E4_17_RT_CR9","treatment","RT",1985,NA,"Lethbridge, Alberta",91.5,91.5,793011,32.9192514704745,47.8116797136182,10.7690688159073,1.44784811236365
"E4","E4_116 + E4_224 + E4_301 + E4_420","LET_E4_18_RT_CR3","treatment","RT",1951,NA,"Lethbridge, Alberta",91.5,91.5,793011,32.9192514704745,47.8116797136182,10.7690688159073,1.16928637789616
"E4","E4_126 + E4_226 + E4_305 + E4_423","LET_E4_15_RT_CR9","treatment","RT",1985,NA,"Lethbridge, Alberta",91.5,91.5,793011,32.1345034719134,48.748487806558,10.6170087215285,1.66988041587889
"E4","E4_109 + E4_219 + E4_306 + E4_409","LET_E4_1_RT_CR12","treatment","RT",1951,NA,"Lethbridge, Alberta",91.5,91.5,793011,32.9192514704745,47.8116797136182,10.7690688159073,1.04123809943296
"E4","E4_111 + E4_210 + E4_310 + E4_407","LET_E4_20_RT_CR3","treatment","RT",1951,NA,"Lethbridge, Alberta",91.5,91.5,793011,32.9192514704745,47.8116797136182,10.7690688159073,1.23641112916959
"E4","E4_123 + E4_217 + E4_320 + E4_429","LET_E4_27_RT_CR12","treatment","RT",1985,NA,"Lethbridge, Alberta",91.5,91.5,793011,32.9192514704745,47.8116797136182,10.7690688159073,1.53608490966166
"E4","E4_105 + E4_215 + E4_315 + E4_412","LET_E4_19_RT_CR3","treatment","RT",1951,NA,"Lethbridge, Alberta",91.5,91.5,793011,32.9192514704745,47.8116797136182,10.7690688159073,1.14895984745924
"E4","E4_119 + E4_203 + E4_323 + E4_403","LET_E4_29_RT_CR10","treatment","RT",1985,NA,"Lethbridge, Alberta",91.5,91.5,793011,32.3988779591135,48.4328856519428,10.6682363889437,0.751313389613012
"E4","E4_108 + E4_218 + E4_307 + E4_408","LET_E4_2_RT_CR2","treatment","RT",1951,NA,"Lethbridge, Alberta",91.5,91.5,793011,32.9192514704745,47.8116797136182,10.7690688159073,1.05079087356974
"E4","E4_110 + E4_207 + E4_318 + E4_410","LET_E4_3_RT_CR2","treatment","RT",1951,NA,"Lethbridge, Alberta",91.5,91.5,793011,32.9192514704745,47.8116797136182,10.7690688159073,0.969929188175263
"E4","E4_118 + E4_223 + E4_302 + E4_419","LET_E4_4_RT_CR3","treatment","RT",1951,NA,"Lethbridge, Alberta",91.5,91.5,793011,32.9192514704745,47.8116797136182,10.7690688159073,1.08312839553436
"E4","E4_103 + E4_213 + E4_317 + E4_413","LET_E4_5_RT_CR3","treatment","RT",1951,NA,"Lethbridge, Alberta",91.5,91.5,793011,32.9192514704745,47.8116797136182,10.7690688159073,1.02581413594226
"E4","E4_112 + E4_208 + E4_312 + E4_405","LET_E4_6_RT_CR3","treatment","RT",1951,NA,"Lethbridge, Alberta",91.5,91.5,793011,32.9192514704745,47.8116797136182,10.7690688159073,1.11098535990558
"E4","E4_127 + E4_214 + E4_328 + E4_422","LET_E4_7_RT_CR12","treatment","RT",1985,NA,"Lethbridge, Alberta",91.5,91.5,793011,32.9192514704745,47.8116797136182,10.7690688159073,1.58072376818649
"E4","E4_106 + E4_205 + E4_303 + E4_418","LET_E4_8_RT_CR2","treatment","RT",1985,NA,"Lethbridge, Alberta",91.5,91.5,793011,32.9192514704745,47.8116797136182,10.7690688159073,1.53299418893716
"E4","E4_122 + E4_202 + E4_326 + E4_427","LET_E4_9_RT_CR2","treatment","RT",1985,NA,"Lethbridge, Alberta",91.5,91.5,793011,32.9192514704745,47.8116797136182,10.7690688159073,1.33779056628182
"E4","E4_113 + E4_228 + E4_329 + E4_406","LET_E4_10_RT_CR3","treatment","RT",1985,NA,"Lethbridge, Alberta",91.5,91.5,793011,33.0469644579463,47.6592198660537,10.7938156759999,1.65252478721295
"E4","E4_117 + E4_229 + E4_311 + E4_416","LET_E4_11_RT_CR3","treatment","RT",1985,NA,"Lethbridge, Alberta",91.5,91.5,793011,32.9192514704745,47.8116797136182,10.7690688159073,1.49439573424957
"E4","E4_128 + E4_209 + E4_327 + E4_401","LET_E4_12_RT_CR3","treatment","RT",1985,NA,"Lethbridge, Alberta",91.5,91.5,793011,32.9192514704745,47.8116797136182,10.7690688159073,1.38042580826402
"E4","E4_125 + E4_225 + E4_325 + E4_425","LET_E4_28_RT_CR12","treatment","RT",1985,NA,"Lethbridge, Alberta",91.5,91.5,793011,32.9192514704745,47.8116797136182,10.7690688159073,1.87528099490153
"E4","E4_101 + E4_222 + E4_322 + E4_411","LET_E4_14_RT_CR8","treatment","RT",1985,NA,"Lethbridge, Alberta",91.5,91.5,793011,32.9192514704745,47.8116797136182,10.7690688159073,1.72829170332784
"E4","E4_115 + E4_227 + E4_308 + E4_415","LET_E4_13_RT_CR8","treatment","RT",1985,NA,"Lethbridge, Alberta",91.5,91.5,793011,32.1345034719134,48.748487806558,10.6170087215285,1.5727610568203
"E40","E40_CT","ELO_CT_CR5","treatment","FT",1967,NA,"Elora, Ontario",90.7,90.7,560003,22.1940304763776,58.422514356988,10.0834551666344,4.58010007385524
"E40","E40_NT","ELO_NT_CR5","treatment","NT",1967,NA,"Elora, Ontario",90.7,90.7,560003,44.9745860152804,38.9950492428305,6.73036474188911,4.43925372393247
"E41","E41_CT_CR21","IND_CT_CR21","treatment","FT",1986,NA,"Indian Head, Saskatchewan",61.1,61.1,754010,19.6179438142355,35.2724239082106,6.20963227755391,1.00479540777181
"E41","E41_CT_CR20","IND_CT_CR20","treatment","FT",1986,NA,"Indian Head, Saskatchewan",61.1,61.1,754010,19.2865352137019,35.6592073501241,6.15425743617402,1.6122239693928
"E41","E41_NT_CR19","IND_NT_CR19","treatment","NT",1986,NA,"Indian Head, Saskatchewan",61.1,61.1,754010,33.939364174828,23.094840240122,4.06579558504995,1.68143411127003
"E41","E41_NT_CR21","IND_NT_CR21","treatment","NT",1986,NA,"Indian Head, Saskatchewan",61.1,61.1,754010,33.939364174828,23.094840240122,4.06579558504995,1.00479540777181
"E41","E41_NT_CR20","IND_NT_CR20","treatment","NT",1986,NA,"Indian Head, Saskatchewan",61.1,61.1,754010,33.5617624439344,23.4850598506371,4.0531777054285,1.6122239693928
"E41","E41_CT_CR19","INd_CT_CR19","treatment","FT",1986,NA,"Indian Head, Saskatchewan",61.1,61.1,754010,19.6179438142355,35.2724239082106,6.20963227755391,1.56595714353099
"E42","E42_CT","BOW_CT_CR1","treatment","FT",2000,NA,"Bow River, Alberta",50.1,50.1,823006,14.1141944455241,28.9394521208058,7.04635343367009,2.25416838774674
"E42","E42_NT","BOW_NT_CR1","treatment","NT",2000,NA,"Bow River, Alberta",50.1,50.1,823006,27.2312924753136,18.3908031591378,4.47790436554862,2.25416838774674
"E43","E43_CT","LET_CT_CR2","treatment","FT",1968,NA,"Lethbridge, Alberta",91.5,91.5,793011,25.5690360750522,54.3006455191285,11.6303184058193,0.528282831216667
"E43","E43_NT","LET_NT_CR2","treatment","NT",1968,NA,"Lethbridge, Alberta",91.5,91.5,793011,49.4775437539904,34.6096335411566,7.41282270485307,0.528282831216667
"E44","E44_CT","BIR_CT_CR22","treatment","FT",2000,NA,"Birch Hills, Saskatchewan",81.9,81.9,702009,26.7424745505882,42.5933939055039,12.5641315439079,1.70745918306862
"E44","E44_NT","BIR_NT_CR22","treatment","NT",2000,NA,"Birch Hills, Saskatchewan",81.9,81.9,702009,48.7685129483644,25.5845864579203,7.54690059371524,1.70745918306862
"E45","E45_CT","STA_CT_CR22","treatment","FT",2000,NA,"Star City, Saskatchewan",82.4,82.4,705006,26.792158580726,46.2390616128721,9.36877980640187,1.72199254970258
"E45","E45_NT","STA_NT_CR22","treatment","NT",2000,NA,"Star City, Saskatchewan",82.4,82.4,705006,48.9416201803704,27.8213296265534,5.63705019307621,1.72199254970258
"E46","E46_CT","BRE_CT_CR23","treatment","FT",1980,NA,"Breton, Alberta",86.4,86.4,692009,26.6790970725141,49.6591566865468,10.0617462409391,2.25217587797028
"E46","E46_NT","BRE_NT_CR23","treatment","NT",1980,NA,"Breton, Alberta",86.4,86.4,692009,49.731894390023,30.4902825078795,6.17782310209748,2.25217587797028
"E47","E47_CT","BRE_CT_CR23","treatment","FT",1980,NA,"Breton, Alberta",86.4,86.4,692009,26.6790970725141,49.6591566865468,10.0617462409391,2.25217587797028
"E47","E47_NT","BRE_NT_CR23","treatment","NT",1980,NA,"Breton, Alberta",86.4,86.4,692009,49.731894390023,30.4902825078795,6.17782310209748,2.25217587797028
"E48","E48_CT","ELL_CT_CR24","treatment","FT",1989,NA,"Ellerslie, Alberta",131.9,131.9,727006,43.3260808249718,75.4428353653167,13.1310838097115,2.38185316484733
"E48","E48_NT","ELL_NT_CR24","treatment","NT",1989,NA,"Ellerslie, Alberta",131.9,131.9,727006,72.8006214418944,50.3378954920256,8.76148306608006,2.38185316484733
"E49","E49_CT","ELL_CT_CR24","treatment","FT",1989,NA,"Ellerslie, Alberta",131.9,131.9,727006,43.3260808249718,75.4428353653167,13.1310838097115,2.38185316484733
"E49","E49_NT","ELL_NT_CR24","treatment","NT",1989,NA,"Ellerslie, Alberta",131.9,131.9,727006,72.8006214418944,50.3378954920256,8.76148306608006,2.38185316484733
"E5","E5_Field 1.2_RT_N0P0_CR2 + E5_Field 2.2_RT_N0P0_CR2","LET_E5_N0P0_RT_CR2","treatment","RT",1912,NA,"Lethbridge, Alberta",91.5,91.5,828001,32.8971563016281,47.7364931261558,10.866350572216,1.14147821346499
"E5","E5_Field 1.3_RT_N0P0_CR3 + E5_Field 2.3_RT_N0P0_CR3 + E5_Field 3.3_RT_N0P0_CR3","LET_E5_N0P0_RT_CR3","treatment","RT",1912,NA,"Lethbridge, Alberta",91.5,91.5,828001,33.1187085914118,47.4713268009081,10.9099646076801,1.08219891856246
"E5","E5_Field 1.1_RT_N0P0_CR1","LET_E5_N0P0_RT_CR1","treatment","RT",1912,NA,"Lethbridge, Alberta",91.5,91.5,828001,32.8971563016281,47.7364931261558,10.866350572216,1.03745036180848
"E5","E5_Field 1.2_RT_N45P0_CR2 + E5_Field 2.2_RT_N45P0_CR2","LET_E5_N45P0_RT_CR2","treatment","RT",1912,NA,"Lethbridge, Alberta",91.5,91.5,828001,32.8971563016281,47.7364931261558,10.866350572216,1.17886406938457
"E5","E5_Field 1.3_RT_N45P0_CR3 + E5_Field 2.3_RT_N45P0_CR3 + E5_Field 3.3_RT_N45P0_CR3","LET_E5_N45P0_RT_CR3","treatment","RT",1912,NA,"Lethbridge, Alberta",91.5,91.5,828001,33.1187085914118,47.4713268009081,10.9099646076801,1.08219891856246
"E5","E5_Field 1.3_RT_N45P0_CR4 + E5_Field 2.3_RT_N45P0_CR4 + E5_Field 3.3_RT_N45P0_CR4","LET_E5_N45P0_RT_CR4","treatment","RT",1924,NA,"Lethbridge, Alberta",91.5,91.5,828001,32.8971563016281,47.7364931261558,10.866350572216,1.21009772216799
"E5","E5_Field 1.1_RT_N45P20_CR1","LET_E5_N45P20_RT_CR1","treatment","RT",1912,NA,"Lethbridge, Alberta",91.5,91.5,828001,32.8971563016281,47.7364931261558,10.866350572216,1.37192011308128
"E5","E5_Field 1.2_RT_N45P20_CR2 + E5_Field 2.2_RT_N45P20_CR2","LET_E5_N45P20_RT_CR2","treatment","RT",1912,NA,"Lethbridge, Alberta",91.5,91.5,828001,32.8971563016281,47.7364931261558,10.866350572216,1.23628481644733
"E5","E5_Field 1.3_RT_N45P20_CR3 + E5_Field 2.3_RT_N45P20_CR3 + E5_Field 3.3_RT_N45P20_CR3","LET_E5_N45P20_RT_CR3","treatment","RT",1912,NA,"Lethbridge, Alberta",91.5,91.5,828001,33.1187085914118,47.4713268009081,10.9099646076801,1.08219891856246
"E5","E5_Field 1.3_RT_N45P20_CR4 + E5_Field 2.3_RT_N45P20_CR4 + E5_Field 3.3_RT_N45P20_CR4","LET_E5_N45P20_RT_CR4","treatment","RT",1924,NA,"Lethbridge, Alberta",91.5,91.5,828001,32.8971563016281,47.7364931261558,10.866350572216,1.33374898312364
"E5","E5_Field 1.3_RT_N0P0_CR4 + E5_Field 2.3_RT_N0P0_CR4 + E5_Field 3.3_RT_N0P0_CR4","LET_E5_N0P0_RT_CR4","treatment","RT",1924,NA,"Lethbridge, Alberta",91.5,91.5,828001,32.8971563016281,47.7364931261558,10.866350572216,1.1004122185174
"E5","E5_Field 1.1_RT_N0P20_CR1","LET_E5_N0P20_RT_CR1","treatment","RT",1912,NA,"Lethbridge, Alberta",91.5,91.5,828001,32.8971563016281,47.7364931261558,10.866350572216,1.108011046568
"E5","E5_Field 1.2_RT_N0P20_CR2 + E5_Field 2.2_RT_N0P20_CR2","LET_E5_N0P20_RT_CR2","treatment","RT",1912,NA,"Lethbridge, Alberta",91.5,91.5,828001,32.8971563016281,47.7364931261558,10.866350572216,1.15497777904982
"E5","E5_Field 1.3_RT_N0P20_CR3 + E5_Field 2.3_RT_N0P20_CR3 + E5_Field 3.3_RT_N0P20_CR3","LET_E5_N0P20_RT_CR3","treatment","RT",1912,NA,"Lethbridge, Alberta",91.5,91.5,828001,33.1187085914118,47.4713268009081,10.9099646076801,1.08219891856246
"E5","E5_Field 1.3_RT_N0P20_CR4 + E5_Field 2.3_RT_N0P20_CR4 + E5_Field 3.3_RT_N0P20_CR4","LET_E5_N0P20_RT_CR4","treatment","RT",1924,NA,"Lethbridge, Alberta",91.5,91.5,828001,32.8971563016281,47.7364931261558,10.866350572216,1.13655556555041
"E5","E5_Field 1.1_RT_N45P0_CR1","LET_E5_N45P0_RT_CR1","treatment","RT",1912,NA,"Lethbridge, Alberta",91.5,91.5,828001,32.8971563016281,47.7364931261558,10.866350572216,1.22089920804439
"E50","E50_CT_CR25 + E50_CT_CR26 + E50_CT_CR27","MEL_CT","treatment","FT",1970,NA,"Melfort, Saskatchewan",79.7,79.7,705002,26.526487560801,45.2137344167518,7.95977802244711,1.13399713748029
"E50","E50_NT_CR25 + E50_NT_CR26 + E50_NT_CR27","MEL_NT","treatment","NT",1970,NA,"Melfort, Saskatchewan",79.7,79.7,705002,44.2711509776398,30.1253480709939,5.3035009513663,1.13399713748029
"E51","E51_CT + E52_CT_CR28","RID_CT_CR28","treatment","FT",1991,NA,"Ridgetown, Ontario",69.3,69.3,565023,15.8334087228602,45.137308203067,8.32928307407276,3.28930352319326
"E51","E51_NT + E52_NT_CR28","RID_NT_CR28","treatment","NT",1991,NA,"Ridgetown, Ontario",69.3,69.3,565023,32.8084615642237,30.8067108419525,5.68482759382388,3.28930352319326
"E52","E52_CT_CR30","RID_CT_CR30","treatment","FT",1995,NA,"Ridgetown, Ontario",69.3,69.3,565023,16.1673632869801,44.8553786892073,8.27725802381259,2.59212893107072
"E52","E52_CT_CR31","RID_CT_CR31","treatment","FT",1995,NA,"Ridgetown, Ontario",69.3,69.3,565023,16.1673632869801,44.8553786892073,8.27725802381259,3.23450662203346
"E52","E52_CT_CR5","RID_CT_CR5","treatment","FT",1995,NA,"Ridgetown, Ontario",69.3,69.3,565023,15.7636015181737,45.3828142203574,8.15358426146888,4.89086183555273
"E52","E52_CT_CR29","RID_CT_CR29","treatment","FT",1995,NA,"Ridgetown, Ontario",69.3,69.3,565023,16.1673632869801,44.8553786892073,8.27725802381259,1.87819993653779
"E52","E52_NT_CR29","RID_NT_CR29","treatment","NT",1995,NA,"Ridgetown, Ontario",69.3,69.3,565023,33.2776096902632,30.4106488703154,5.61174143942143,1.87819993653779
"E52","E52_NT_CR30","RID_NT_CR30","treatment","NT",1995,NA,"Ridgetown, Ontario",69.3,69.3,565023,33.2776096902632,30.4106488703154,5.61174143942143,2.59212893107072
"E52","E52_NT_CR31","RID_NT_CR31","treatment","NT",1995,NA,"Ridgetown, Ontario",69.3,69.3,565023,33.2776096902632,30.4106488703154,5.61174143942143,3.23450662203346
"E52","E52_NT_CR5","RID_NT_CR5","treatment","NT",1995,NA,"Ridgetown, Ontario",69.3,69.3,565023,32.7095994935658,31.0176888158751,5.57271169055911,4.89086183555273
"E53","E53_CT_CR2","SWI_CT_CR2","treatment","FT",1967,NA,"Swift Current, Saskatchewan",46.8,46.8,825007,13.5579311136196,27.681794591364,5.56027429501649,1.06173985300467
"E53","E53_NT_CR1","SWI_NT_CR1","treatment","NT",1982,NA,"Swift Current, Saskatchewan",46.8,46.8,825007,26.2963853446686,15.5354053830085,4.96820927232297,1.71337748843528
"E53","E53_NT_CR2","SWI_NT_CR2","treatment","NT",1982,NA,"Swift Current, Saskatchewan",46.8,46.8,825007,26.2963853446686,15.5354053830085,4.96820927232297,0.674482567079197
"E53","E53_CT_CR1","SWI_CT_CR1","treatment","FT",1967,NA,"Swift Current, Saskatchewan",46.8,46.8,825007,13.5579311136196,27.681794591364,5.56027429501649,1.63366534826975
"E54","E54_CT_CR34","SCO_CT_CR34","treatment","FT",1979,NA,"Scott, Saskatchewan",53.7,53.7,767001,16.3752760460931,31.3694675281254,5.95525642578157,1.28766114380286
"E54","E54_CT_CR32","SCO_CT_CR32","treatment","FT",1979,NA,"Scott, Saskatchewan",53.7,53.7,767001,16.6842670736575,30.9967237538704,6.01900917247204,1.95681541634532
"E54","E54_NT_CR33","SCO_NT_CR33","treatment","NT",1979,NA,"Scott, Saskatchewan",53.7,53.7,767001,31.0267511385351,18.9864248523751,3.68682400908989,1.6074098850135
"E54","E54_NT_CR32","SCO_NT_CR32","treatment","NT",1979,NA,"Scott, Saskatchewan",53.7,53.7,767001,31.0267511385351,18.9864248523751,3.68682400908989,1.95681541634532
"E54","E54_CT_CR33","SCO_CT_CR33","treatment","FT",1979,NA,"Scott, Saskatchewan",53.7,53.7,767001,16.6842670736575,30.9967237538704,6.01900917247204,1.6074098850135
"E54","E54_NT_CR34","SCO_NT_CR34","treatment","NT",1979,NA,"Scott, Saskatchewan",53.7,53.7,767001,30.6722397987546,19.3536213896851,3.67413881156029,1.28766114380286
"E55","E55_CT","ELL_CT_CR3","treatment","FT",1979,NA,"Ellerslie, Alberta",131.9,131.9,727006,44.2365497508534,74.3894207148003,13.2740295343463,2.42433759974593
"E55","E55_NT","ELL_NT_CR3","treatment","NT",1979,NA,"Ellerslie, Alberta",131.9,131.9,727006,73.8143027913017,49.2903411272296,8.79535608146867,2.1985068033938
"E56","E56_CT","THE_CT_CR1","treatment","FT",1991,NA,"Three Hills, Alberta",102.8,102.8,744005,31.9730475438039,59.2299475800975,11.5970048760986,2.08644458205587
"E56","E56_NT","THE_NT_CR1","treatment","NT",1991,NA,"Three Hills, Alberta",102.8,102.8,744005,59.4340953056493,36.2652941110019,7.10061058334885,2.08644458205587
"E57","E57_CT","BRE_CT_CR3","treatment","FT",1979,NA,"Breton, Alberta",86.4,86.4,692009,26.6790970725141,49.6591566865468,10.0617462409391,1.82082007577838
"E57","E57_NT","BRE_NT_CR3","treatment","NT",1979,NA,"Breton, Alberta",86.4,86.4,692009,49.731894390023,30.4902825078795,6.17782310209748,1.53744111653137
"E58","E58_CT_CR35","WOO_CT_CR35","treatment","FT",1993,NA,"Woodslee,  Ontario",76.5,76.5,570007,16.7599590295016,50.587692514466,9.15234845603239,5.16802609816902
"E58","E58_NT_CR35","WOO_NT_CR35","treatment","NT",1993,NA,"Woodslee,  Ontario",76.5,76.5,570007,35.1875992524938,34.9832205016615,6.32918024584467,5.16802609816902
"E58","E58_CT_CR5","WOO_CT_CR5","treatment","FT",1982,NA,"Woodslee,  Ontario",76.5,76.5,570007,16.2012827891014,51.0607779259484,9.23793928495021,4.82694610774749
"E58","E58_NT_CR5","WOO_NT_CR5","treatment","NT",1982,NA,"Woodslee,  Ontario",76.5,76.5,570007,34.3680397711809,35.677221080912,6.45473914790711,4.82694610774749
"E59","E59_NT","WOO_NT_CR8","treatment","NT",1993,NA,"Woodslee,  Ontario",76.5,76.5,570007,35.4915649471552,34.7992613852128,6.20917366763204,3.44002074185511
"E59","E59_CT","WOO_CT_CR8","treatment","FT",1993,NA,"Woodslee,  Ontario",76.5,76.5,570007,16.9701285031158,50.516328062231,9.01354343465322,3.44002074185511
"E6","E6_Field 1.10_CT_T17_CR12 + E6_Field 1.8_CT_T14_CR10 + E6_Field 1.9_CT_T15_CR10","SWI_CT_CR1","treatment","FT",1967,NA,"Swift Current, Saskatchewan",46.9,46.9,825005,13.4442511753135,27.8597330999658,5.59601572472066,1.63366534826975
"E6","E6_Field 1.8_CT_T14_CR10","SWI_CT_CR1","treatment","FT",1967,NA,"Swift Current, Saskatchewan",46.9,46.9,825005,13.4442511753135,27.8597330999658,5.59601572472066,1.63366534826975
"E6","E6_Field 1.1_CT_T1_CR1 + E6_Field 2.1_CT_T1_CR1 + E6_Field 3.1_CT_T1_CR1","SWI_E6_T1_CT_CR1","treatment","FT",1967,NA,"Swift Current, Saskatchewan",46.9,46.9,825005,13.4442511753135,27.8597330999658,5.59601572472066,1.14396747629114
"E6","E6_Field 1.12_CT_T20_CR10","SWI_E6_T20_CT_CR10","treatment","FT",1967,NA,"Swift Current, Saskatchewan",46.9,46.9,825005,13.4442511753135,27.8597330999658,5.59601572472066,1.16359335375777
"E6","E6_Field 1.2_CT_T2_CR1 + E6_Field 2.2_CT_T2_CR1 + E6_Field 3.2_CT_T2_CR1","SWI_E6_T2_CT_CR1","treatment","FT",1967,NA,"Swift Current, Saskatchewan",46.9,46.9,825005,13.4442511753135,27.8597330999658,5.59601572472066,1.34814146063655
"E6","E6_Field 1.11_CT_T19_CR13 + E6_Field 2.11_CT_T19_CR13","SWI_CT_CR2","treatment","FT",1967,NA,"Swift Current, Saskatchewan",46.9,46.9,825005,13.4442511753135,27.8597330999658,5.59601572472066,1.06173985300467
"E6","E6_Field 1.4_CT_T4_CR3 + E6_Field 2.4_CT_T4_CR3 + E6_Field 3.4_CT_T4_CR3","SWI_E6_T4_CT_CR3","treatment","FT",1967,NA,"Swift Current, Saskatchewan",46.9,46.9,825005,13.4442511753135,27.8597330999658,5.59601572472066,1.12845848805468
"E6","E6_Field 1.4_CT_T5_CR4 + E6_Field 2.4_CT_T5_CR4 + E6_Field 3.4_CT_T5_CR4","SWI_E6_T5_CT_CR4","treatment","FT",1984,52.2261,"Swift Current, Saskatchewan",46.9,52.2261,825005,14.971019324244,31.0235651780837,6.23151549767236,1.14149801668487
"E6","E6_Field 1.4_CT_T6_CR5 + E6_Field 2.4_CT_T6_CR5 + E6_Field 3.4_CT_T6_CR5","SWI_E6_T6_CT_CR5","treatment","FT",1993,54.85126667,"Swift Current, Saskatchewan",46.9,54.85126667,825005,16.0366277943516,32.3222620158243,6.49237685982411,1.64164942215372
"E6","E6_Field 1.6_CT_T10_CR8 + E6_Field 2.6_CT_T10_CR8 + E6_Field 3.6_CT_T10_CR8","SWI_E6_T10_CT_CR8","treatment","FT",2006,NA,"Swift Current, Saskatchewan",46.9,46.9,825005,13.1289919879081,28.2200886585052,5.55091935358666,1.9114621822538
"E6","E6_Field 1.7_CT_T11_CR9 + E6_Field 2.7_CT_T11_CR9 + E6_Field 3.7_CT_T11_CR9","SWI_E6_T11_CT_CR9","treatment","FT",1967,NA,"Swift Current, Saskatchewan",46.9,46.9,825005,13.1720984296189,28.1996124955695,5.52828907481158,1.07118609800476
"E6","E6_Field 1.7_CT_T12_CR7 + E6_Field 2.7_CT_T12_CR7 + E6_Field 3.7_CT_T12_CR7","SWI_E6_T12_CT_CR7","treatment","FT",1985,NA,"Swift Current, Saskatchewan",46.9,46.9,825005,13.4442511753135,27.8597330999658,5.59601572472066,1.57052172242598
"E6","E6_Field 1.7_CT_T13_CR8 + E6_Field 2.7_CT_T13_CR8 + E6_Field 3.7_CT_T13_CR8","SWI_E6_T13_CT_CR8","treatment","FT",2006,NA,"Swift Current, Saskatchewan",46.9,46.9,825005,13.0644980194212,28.3007961554311,5.53470582514771,2.08748563507897
"E6","E6_Field 1.9_CT_T16_CR11","SWI_E6_T16_CT_CR11","treatment","FT",1979,NA,"Swift Current, Saskatchewan",46.9,46.9,825005,13.4442511753135,27.8597330999658,5.59601572472066,1.50516504761585
"E6","E6_Field 1.10_CT_T18_CR11","SWI_E6_T18_CT_CR11","treatment","FT",1979,NA,"Swift Current, Saskatchewan",46.9,46.9,825005,13.1449807849101,28.2334785095621,5.52154070552775,1.47756537143916
"E6","E6_Field 1.6_CT_T8_CR6 + E6_Field 2.6_CT_T8_CR6 + E6_Field 3.6_CT_T8_CR6","SWI_E6_T8_CT_CR6","treatment","FT",1967,NA,"Swift Current, Saskatchewan",46.9,46.9,825005,13.5272819085545,27.7560397296915,5.61667836175397,1.81281066076015
"E6","E6_Field 1.6_CT_T9_CR7 + E6_Field 2.6_CT_T9_CR7 + E6_Field 3.6_CT_T9_CR7","SWI_E6_T9_CT_CR7","treatment","FT",1985,NA,"Swift Current, Saskatchewan",46.9,46.9,825005,13.4442511753135,27.8597330999658,5.59601572472066,1.59885094434488
"E6","E6_Field 1.3_CT_T3_CR2 + E6_Field 2.3_CT_T3_CR2 + E6_Field 3.3_CT_T3_CR2","SWI_E6_T3_CT_CR2","treatment","FT",1967,NA,"Swift Current, Saskatchewan",46.9,46.9,825005,13.1720984296189,28.1996124955695,5.52828907481158,1.09496727340152
"E6","E6_Field 1.5_CT_T7_CR1 + E6_Field 2.5_CT_T7_CR1 + E6_Field 3.5_CT_T7_CR1","SWI_E6_T7_CT_CR1","treatment","FT",1967,NA,"Swift Current, Saskatchewan",46.9,46.9,825005,13.4442511753135,27.8597330999658,5.59601572472066,1.19482542167249
"E60","E60_CT","ELO_CT_CR36","treatment","FT",1980,NA,"Elora, Ontario",90.7,90.7,560003,20.3519290260206,59.0197517725071,11.3283192014723,3.31674435801138
"E60","E60_NT","ELO_NT_CR36","treatment","NT",1980,NA,"Elora, Ontario",90.7,90.7,560003,42.4122921405222,40.5118220311096,7.77588582836821,3.31674435801138
"E61","E61_CT + E75_CT","LAC_CT_CR8","treatment","FT",1992,NA,"L'Acadie, Quebec",85.1,85.1,541041,21.7864297069679,54.0452444377957,9.26832585523644,4.2141656575599
"E61","E61_NT","LAC_NT_CR37","treatment","NT",1992,NA,"L'Acadie, Quebec",85.1,85.1,541041,43.4801747313753,35.5271961396357,6.09262912898895,3.64357260658925
"E62","E62_CT","HARRI_CT_CR38","treatment","FT",1985,NA,"Harrigton, Prince Edward Island",45.8,45.8,536013,11.964327939479,26.3967058741213,7.43896618639971,1.75460595022024
"E62","E62_NT","HARRI_NT_CR38","treatment","NT",1985,NA,"Harrigton, Prince Edward Island",45.8,45.8,536013,23.7120915259272,17.2317553593063,4.85615311476658,1.78080601430857
"E63","E63_CT_CR39","FOR_CT_CR39","treatment","FT",1992,NA,"Fort Vermillion, Alberta",47.7,47.7,598001,15.6287834020246,25.1512409787888,6.91997561918661,2.17114166914925
"E63","E63_CT_CR41","FOR_CT_CR41","treatment","FT",1992,NA,"Fort Vermillion, Alberta",47.7,47.7,598001,16.1453915334068,24.4815473471816,7.07306111941155,1.76917114771417
"E63","E63_CT_CR42","FOR_CT_CR42","treatment","FT",1992,NA,"Fort Vermillion, Alberta",47.7,47.7,598001,16.181545446309,24.434680014367,7.08377453932405,2.07260808917321
"E63","E63_NT_CR39","FOR_NT_CR39","treatment","NT",1992,NA,"Fort Vermillion, Alberta",47.7,47.7,598001,28.4621588742932,15.0869106130152,4.15093051269158,2.17114166914925
"E63","E63_NT_CR41","FOR_NT_CR41","treatment","NT",1992,NA,"Fort Vermillion, Alberta",47.7,47.7,598001,29.0191368806134,14.4934910356331,4.18737208375345,1.76917114771417
"E63","E63_NT_CR42","FOR_NT_CR42","treatment","NT",1992,NA,"Fort Vermillion, Alberta",47.7,47.7,598001,29.0575720479237,14.4525411588282,4.18988679324812,2.07260808917321
"E64","E64_CT","STA_CT_CR43","treatment","FT",1998,NA,"Star City, Saskatchewan",82.4,82.4,705006,25.9596121248966,45.9713951776571,10.4689926974462,2.47898457328384
"E64","E64_NT","STA_NT_CR43","treatment","NT",1998,NA,"Star City, Saskatchewan",82.4,82.4,705006,48.015095600925,28.006930635803,6.37797376327198,2.53988795231842
"E65","E65_CT","WOO_CT_CR8","treatment","FT",1993,NA,"Woodslee,  Ontario",76.5,76.5,570007,16.9701285031158,50.516328062231,9.01354343465322,3.44002074185511
"E65","E65_NT","WOO_NT_CR8","treatment","NT",1993,NA,"Woodslee,  Ontario",76.5,76.5,570007,35.4915649471552,34.7992613852128,6.20917366763204,3.44002074185511
"E66","E66_CT","WOO_CT_CR44","treatment","FT",1993,NA,"Woodslee,  Ontario",76.5,76.5,570007,17.7742692824578,49.2416277534133,9.48410296412893,3.41477312866789
"E66","E66_NT","WOO_NT_CR44","treatment","NT",1993,NA,"Woodslee,  Ontario",76.5,76.5,570007,36.6332709386024,33.4283219331848,6.43840712821275,3.41477312866789
"E67","E67_NT_CR2 + E72_NT_CR2","SWI_NT_CR2","treatment","NT",1982,NA,"Swift Current, Saskatchewan",46.8,46.8,825007,26.2963853446686,15.5354053830085,4.96820927232297,0.674482567079197
"E67","E6_Field 1.11_CT_T19_CR13 + E6_Field 2.11_CT_T19_CR13 + E67_CT_CR2 + E72_CT_CR2","SWI_CT_CR2","treatment","FT",1967,NA,"Swift Current, Saskatchewan",46.8,46.8,825007,13.5579311136196,27.681794591364,5.56027429501649,1.06173985300467
"E67","E67_NT_CR1 + E72_NT_CR1","SWI_NT_CR1","treatment","NT",1982,NA,"Swift Current, Saskatchewan",46.8,46.8,825007,26.2963853446686,15.5354053830085,4.96820927232297,1.71337748843528
"E67","E6_Field 1.8_CT_T14_CR10 + E67_CT_CR1 + E72_CT_CR1","SWI_CT_CR1","treatment","FT",1967,NA,"Swift Current, Saskatchewan",46.8,46.8,825007,13.5579311136196,27.681794591364,5.56027429501649,1.63366534826975
"E69","E69_CT_CR32","SCO_CT_CR32","treatment","FT",1979,NA,"Scott, Saskatchewan",53.7,53.7,767001,16.6842670736575,30.9967237538704,6.01900917247204,1.95681541634532
"E69","E69_NT_CR33","SCO_NT_CR33","treatment","NT",1979,NA,"Scott, Saskatchewan",53.7,53.7,767001,31.0267511385351,18.9864248523751,3.68682400908989,1.6074098850135
"E69","E69_CT_CR33","SCO_CT_CR33","treatment","FT",1979,NA,"Scott, Saskatchewan",53.7,53.7,767001,16.6842670736575,30.9967237538704,6.01900917247204,1.6074098850135
"E69","E69_NT_CR34","SCO_NT_CR34","treatment","NT",1979,NA,"Scott, Saskatchewan",53.7,53.7,767001,30.6722397987546,19.3536213896851,3.67413881156029,1.28766114380286
"E69","E69_CT_CR34","SCO_CT_CR34","treatment","FT",1979,NA,"Scott, Saskatchewan",53.7,53.7,767001,16.3752760460931,31.3694675281254,5.95525642578157,1.28766114380286
"E69","E69_NT_CR32","SCO_NT_CR32","treatment","NT",1979,NA,"Scott, Saskatchewan",53.7,53.7,767001,31.0267511385351,18.9864248523751,3.68682400908989,1.95681541634532
"E7","E7_Field 1T1 + E7_Field 2T1 + E7_Field 3T1","SWI_E7_T1_NT_CR1","treatment","NT",1996,47.55746667,"Swift Current, Saskatchewan",46.8,47.55746667,825005,26.2306907265539,17.7595273320787,3.56724861136738,1.49163223627713
"E7","E7_Field 1T2 + E7_Field 2T2 + E7_Field 3T2","SWI_E7_T2_RT_CR2","treatment","RT",1987,57.0806777811667,"Swift Current, Saskatchewan",46.8,57.0806777811667,825005,21.1348147048769,29.9333354216959,6.01252765459386,1.19170778661259
"E7","E7_Field 1T5 + E7_Field 2T5 + E7_Field 3T5 + E7_Field 4T5","SWI_E7_T5_NT_CR4","treatment","NT",1996,47.60030625,"Swift Current, Saskatchewan",46.8,47.60030625,825005,26.2543192301837,17.7755250448498,3.57046197496656,1.58617024974524
"E7","E7_Field 1T5 + E7_Field 2T5 + E7_Field 3T5 + E7_Field 4T5","SWI_E7_T5_RT_CR4","treatment","RT",1987,55.1560932291667,"Swift Current, Saskatchewan",46.8,55.1560932291667,825005,20.422213883171,28.9240755953973,5.80980375059841,1.36972796868182
"E7","E7_Field 1T6","SWI_E7_T6_RT_CR5 + SWI_NT_CR1","stock","RT",1987,56.8718195833333,"Swift Current, Saskatchewan",46.8,56.8718195833333,825005,21.0574824186744,29.8238093485248,5.99052781613405,1.73720389220723
"E7","E7_Field 1T7","SWI_E7_T7_NT_CR5 + SWI_E7_T7_RT_CR5","stock","RT",1987,59.3203387978333,"Swift Current, Saskatchewan",46.8,59.3203387978333,825005,21.964076417053,31.1078226045531,6.24843977622719,1.85584461349658
"E7","E7_Field 1T8","SWI_E7_T8_NT_CR5 + SWI_E7_T8_RT_CR5","stock","RT",1987,50.89001125,"Swift Current, Saskatchewan",46.8,50.89001125,825005,18.8426451805854,26.6869251658174,5.36044090359719,1.72134636605114
"E7","E7_Field 1T9 + E7_Field 2T9 + E7_Field 3T9 + E7_Field 4T9","SWI_E7_T9_NT_CR6","treatment","NT",1996,NA,"Swift Current, Saskatchewan",46.8,46.8,825005,25.4819264987256,17.8238604804258,3.4942130208486,2.33808212747223
"E7","E7_Field 1T1 + E7_Field 2T1 + E7_Field 3T1","SWI_E7_T1_RT_CR1","treatment","RT",1987,56.7503745833333,"Swift Current, Saskatchewan",46.8,56.7503745833333,825005,21.0125159313865,29.7601231054458,5.97773554650103,1.28477384765653
"E7","E7_Field 1T2 + E7_Field 2T2 + E7_Field 3T2","SWI_E7_T2_NT_CR2","treatment","NT",1996,16.1964,"Swift Current, Saskatchewan",46.8,16.1964,825005,8.93325042377741,6.04827020070705,1.21487937551554,1.50795835733062
"E7","E7_Field 1T6","SWI_NT_CR1","treatment","NT",1982,NA,"Swift Current, Saskatchewan",46.8,46.8,825005,26.1254073421032,15.6649538858496,5.00963877204718,1.71337748843528
"E7","E7_Field 1T3 + E7_Field 2T3 + E7_Field 3T3","SWI_E7_T3_NT_CR3","treatment","NT",1996,46.96561667,"Swift Current, Saskatchewan",46.8,46.96561667,825005,25.9042512546149,17.5385110125084,3.52285440287667,0.669237227504613
"E7","E7_Field 1T3 + E7_Field 2T3 + E7_Field 3T3","SWI_E7_T3_RT_CR3","treatment","RT",1987,56.1576347155,"Swift Current, Saskatchewan",46.8,56.1576347155,825005,20.7930467911833,29.4492879512157,5.91529997310103,1.27107075114811
"E7","E7_Field 1T4 + E7_Field 2T4 + E7_Field 3T4","SWI_E7_T4_NT_CR1","treatment","NT",1996,47.3324,"Swift Current, Saskatchewan",46.8,47.3324,825005,26.1065534537553,17.6754800108633,3.55036653538142,1.71854570296625
"E7","E7_Field 1T4 + E7_Field 2T4 + E7_Field 3T4","SWI_E7_T4_RT_CR1","treatment","RT",1987,54.8028810431667,"Swift Current, Saskatchewan",46.8,54.8028810431667,825005,20.291432778377,28.7388497142488,5.77259855054094,1.5792081101128
"E70","E70_CT_CR45","IND_CT_CR45","treatment","FT",1986,NA,"Indian Head, Saskatchewan",61.1,61.1,754010,19.6179438142355,35.2724239082106,6.20963227755391,1.27432323245597
"E70","E70_CT_CR20","IND_CT_CR20","treatment","FT",1986,NA,"Indian Head, Saskatchewan",61.1,61.1,754010,19.2865352137019,35.6592073501241,6.15425743617402,1.6122239693928
"E70","E70_NT_CR19","IND_NT_CR19","treatment","NT",1986,NA,"Indian Head, Saskatchewan",61.1,61.1,754010,33.939364174828,23.094840240122,4.06579558504995,1.68143411127003
"E70","E70_NT_CR45","IND_NT_CR45","treatment","NT",1986,NA,"Indian Head, Saskatchewan",61.1,61.1,754010,33.939364174828,23.094840240122,4.06579558504995,1.27432323245597
"E70","E70_NT_CR20","IND_NT_CR20","treatment","NT",1986,NA,"Indian Head, Saskatchewan",61.1,61.1,754010,33.5617624439344,23.4850598506371,4.0531777054285,1.6122239693928
"E70","E70_CT_CR19","IND_CT_CR19","treatment","FT",1986,NA,"Indian Head, Saskatchewan",61.1,61.1,754010,19.6179438142355,35.2724239082106,6.20963227755391,1.68143411127003
"E71","E71_CT","MEL_CT","treatment","FT",1970,NA,"Melfort, Saskatchewan",79.7,79.7,705002,26.526487560801,45.2137344167518,7.95977802244711,1.13399713748029
"E71","E71_NT","MEL_NT","treatment","NT",1970,NA,"Melfort, Saskatchewan",79.7,79.7,705002,44.2711509776398,30.1253480709939,5.3035009513663,1.13399713748029
"E73","E73_CT","STA_CT_CR43","treatment","FT",1998,NA,"Star City, Saskatchewan",82.4,82.4,705006,25.9596121248966,45.9713951776571,10.4689926974462,2.47898457328384
"E73","E73_NT","STA_NT_CR43","treatment","NT",1998,NA,"Star City, Saskatchewan",82.4,82.4,705006,48.015095600925,28.006930635803,6.37797376327198,2.53988795231842
"E74","E74_CT","CHA_CT_CR38","treatment","FT",1989,NA,"Charlottetown, Prince Edward Island",45.8,45.8,536013,11.964327939479,26.3967058741213,7.43896618639971,1.75460595022024
"E74","E74_NT","CHA_NT_CR38","treatment","NT",1989,NA,"Charlottetown, Prince Edward Island",45.8,45.8,536013,23.7120915259272,17.2317553593063,4.85615311476658,1.78080601430857
"E75","E75_NT","LAC_NT_CR8","treatment","NT",1992,NA,"L'Acadie, Quebec",85.1,85.1,541041,43.4801747313753,35.5271961396357,6.09262912898895,2.89990626339828
"E8","E8_Field 1T2 + E8_Field 2T2 + E8_Field 3T2 + E8_Field 4T2 + E8_Field 5T2 + E8_Field 6T2","SCO_E8_T2_CT_CR2","treatment","FT",1995,NA,"Scott, Saskatchewan",53.7,53.7,767001,16.6699814343002,30.7183011311697,6.31171743453004,1.55302119174439
"E8","E8_Field 1T3 + E8_Field 2T3 + E8_Field 3T3 + E8_Field 4T3 + E8_Field 5T3 + E8_Field 6T3","SCO_E8_T3_CT_CR3","treatment","FT",1995,NA,"Scott, Saskatchewan",53.7,53.7,767001,16.3315662589766,31.1325420768512,6.23589166417226,1.84116279009436
"E8","E8_Field 1T7 + E8_Field 2T7 + E8_Field 3T7 + E8_Field 4T7 + E8_Field 5T7 + E8_Field 6T7","SCO_E8_T7_CT_CR5","treatment","FT",1995,NA,"Scott, Saskatchewan",53.7,53.7,767001,16.6699814343002,30.7183011311697,6.31171743453004,1.06721346483771
"E8","E8_Field 1T8 + E8_Field 2T8 + E8_Field 3T8 + E8_Field 4T8 + E8_Field 5T8 + E8_Field 6T8","SCO_E8_T8_CT_CR6","treatment","FT",1995,NA,"Scott, Saskatchewan",53.7,53.7,767001,16.6699814343002,30.7183011311697,6.31171743453004,1.01316136438
"E8","E8_Field 1T4 + E8_Field 2T4 + E8_Field 3T4 + E8_Field 4T4 + E8_Field 5T4 + E8_Field 6T4","SCO_E8_T4_NT_CR4","treatment","NT",1995,NA,"Scott, Saskatchewan",53.7,53.7,767001,31.010473164153,18.8221271515351,3.86739968431195,1.49436392716624
"E8","E8_Field 1T5 + E8_Field 2T5 + E8_Field 3T5 + E8_Field 4T5 + E8_Field 5T5 + E8_Field 6T5","SCO_E8_T5_NT_CR3","treatment","NT",1995,NA,"Scott, Saskatchewan",53.7,53.7,767001,30.6216765566715,19.2271070455341,3.85121639779442,1.84437841134419
